c.andrei@gmail.com,c.mircea@yahoo.ro
adi.popa@yahoo.com,andrei.radu@yahoo.com
c.andrei@gmail.com,h.teo1995@yahoo.ro
edi.c@yahoo.it,m.paul@gmail.com
alex.popescu@yahoo.com,andreii23@gmail.com
alex.popescu@yahoo.com,h.teo1995@yahoo.ro
alex.popescu@yahoo.com,andrei.radu@yahoo.com
g.chiper@yahoo.com,h.teo1995@yahoo.ro
g.chiper@yahoo.com,m.paul@gmail.com
c.mircea@yahoo.ro,m.paul@gmail.com
b.stefan@gmail.com,c.mircea@yahoo.ro
b.stefan@gmail.com,edi.c@yahoo.it
m.alexandra@gmail.com,t.bordian@yahoo.com
